AL-333,ALPS,AL,AL,FL,ID,,,,LAP38,AL-AL-FL-ID-LAP38
DE-1231,DENALI - Remote - Color Tuning,DE,AL,FL,RD,,,CA,LCT,DE-AL-FL-RD-CA-LCT
DE-1231,DENALI - Remote - Color Tuning,DE,AL,FL,RD,,,CB,LCT,DE-AL-FL-RD-CB-LCT
DE-1231,DENALI - Remote - Color Tuning,DE,AL,FL,RD,,,CC,LCT,DE-AL-FL-RD-CC-LCT
DE-1231,DENALI - Remote - Color Tuning,DE,AL,FL,RD,,,CD,LCT,DE-AL-FL-RD-CD-LCT
DE-1231,DENALI - Remote - Color Tuning,DE,AL,FL,RD,,,CE,LCT,DE-AL-FL-RD-CE-LCT
DS-1392,DELTA STAR - Square - LED,DS,AL,FL,IV,SQ,,CA,LED,DS-AL-FL-IV-SQ-CA-LED
DS-1392,DELTA STAR - Square - LED,DS,BR,FL,IV,SQ,,CB,LED,DS-BR-FL-IV-SQ-CB-LED
DS-1392,DELTA STAR - Square - LED,DS,SS,FL,IV,SQ,,CC,LED,DS-SS-FL-IV-SQ-CC-LED
DS-1392,DELTA STAR - Square - LED,DS,,FL,IV,SQ,,CD,LED,DS-FL-IV-SQ-CD-LED
DS-1392,DELTA STAR - Square - LED,DS,,FL,IV,SQ,,CE,LED,DS-FL-IV-SQ-CE-LED
DS-1392,DELTA STAR - Square - LED,DS,,FL,IV,SQ,,CF,LED,DS-FL-IV-SQ-CF-LED
DS-1392,DELTA STAR - Square - LED,DS,,FL,IV,SQ,,,LED,DS-FL-IV-SQ-LED
DS-1392,DELTA STAR - Square - LED,DS,,FL,IV,SQ,,,LED,DS-FL-IV-SQ-LED
DS-1392,DELTA STAR - Square - LED,DS,,FL,IV,SQ,,,LED,DS-FL-IV-SQ-LED
DS-1392,DELTA STAR - Square - LED,DS,,FL,IV,SQ,,,LED,DS-FL-IV-SQ-LED
DS-1392,DELTA STAR - Square - LED,DS,,FL,IV,SQ,,,LED,DS-FL-IV-SQ-LED
DS-1392,DELTA STAR - Square - LED,DS,,FL,IV,SQ,,,LED,DS-FL-IV-SQ-LED
DS-1392,DELTA STAR - Square - LED,DS,,FL,IV,SQ,,,LED,DS-FL-IV-SQ-LED
DS-1392,DELTA STAR - Square - LED,DS,,FL,IV,SQ,,,LED,DS-FL-IV-SQ-LED
DS-1392,DELTA STAR - Square - LED,DS,,FL,IV,SQ,,,LED,DS-FL-IV-SQ-LED
DS-1392,DELTA STAR - Square - LED,DS,,FL,IV,SQ,,,LED,DS-FL-IV-SQ-LED
DS-1392,DELTA STAR - Square - LED,DS,,FL,IV,SQ,,,LED,DS-FL-IV-SQ-LED
DS-1392,DELTA STAR - Square - LED,DS,,FL,IV,SQ,,,LED,DS-FL-IV-SQ-LED
DE-1245,DENALI - Integral - LED COB,AL,AL,FL,ID,,,CA,LCB,AL-AL-FL-ID-CA-LCB
DE-1245,DENALI - Integral - LED COB,AL,AL,FL,ID,,,CB,LCB,AL-AL-FL-ID-CB-LCB
DE-1245,DENALI - Integral - LED COB,AL,AL,FL,ID,,,CC,LCB,AL-AL-FL-ID-CC-LCB
DE-1245,DENALI - Integral - LED COB,AL,AL,FL,ID,,,CD,LCB,AL-AL-FL-ID-CD-LCB
DE-1245,DENALI - Integral - LED COB,AL,AL,FL,ID,,,CE,LCB,AL-AL-FL-ID-CE-LCB
EN-1235,EMRE - Hödödö,EN,AL,FL,IV,SQ,,CA,LED,EN-AL-FL-IV-SQ-CA-LED
EN-1235,EMRE - Hödödö,EN,BR,FL,IV,SQ,,CB,LED,EN-BR-FL-IV-SQ-CB-LED
EN-1235,EMRE - Hödödö,EN,SS,FL,IV,SQ,,CC,LED,EN-SS-FL-IV-SQ-CC-LED
EN-1235,EMRE - Hödödö,EN,,FL,IV,SQ,,CD,LED,EN-FL-IV-SQ-CD-LED
EN-1235,EMRE - Hödödö,EN,,FL,IV,SQ,,CE,LED,EN-FL-IV-SQ-CE-LED
EN-1235,EMRE - Hödödö,EN,,FL,IV,SQ,,CF,LED,EN-FL-IV-SQ-CF-LED
EN-1235,EMRE - Hödödö,EN,,FL,IV,SQ,,,LED,EN-FL-IV-SQ-LED
EN-1235,EMRE - Hödödö,EN,,FL,IV,SQ,,,LED,EN-FL-IV-SQ-LED
EN-1235,EMRE - Hödödö,EN,,FL,IV,SQ,,,LED,EN-FL-IV-SQ-LED
EN-1235,EMRE - Hödödö,EN,,FL,IV,SQ,,,LED,EN-FL-IV-SQ-LED
EN-1235,EMRE - Hödödö,EN,,FL,IV,SQ,,,LED,EN-FL-IV-SQ-LED
EN-1235,EMRE - Hödödö,EN,,FL,IV,SQ,,,LED,EN-FL-IV-SQ-LED
EN-1235,EMRE - Hödödö,EN,,FL,IV,SQ,,,LED,EN-FL-IV-SQ-LED
EN-1235,EMRE - Hödödö,EN,,FL,IV,SQ,,,LED,EN-FL-IV-SQ-LED
EN-1235,EMRE - Hödödö,EN,,FL,IV,SQ,,,LED,EN-FL-IV-SQ-LED
EN-1235,EMRE - Hödödö,EN,,FL,IV,SQ,,,LED,EN-FL-IV-SQ-LED
EN-1235,EMRE - Hödödö,EN,,FL,IV,SQ,,,LED,EN-FL-IV-SQ-LED
EN-1235,EMRE - Hödödö,EN,,FL,IV,SQ,,,LED,EN-FL-IV-SQ-LED